,Unnamed: 0,B19BTOT,gemeinde_NAME
0,0,1981,Aeugst am Albis
1,1,5721,Obfelden
2,2,2293,Stadel
3,3,789,Doppleschwand
4,4,3280,Entlebuch
5,5,1929,Flühli
6,6,1736,Hasle (LU)
7,7,659,Romoos
8,8,4206,Schüpfheim
9,9,2180,Werthenstein
10,10,3609,Steinmaur
11,11,4351,Escholzmatt-Marbach
12,12,1903,Weiach
13,13,1259,Aesch (LU)
14,14,430,Altwis
15,15,2710,Ballwil
16,16,31043,Emmen
17,17,989,Ermensee
18,18,3627,Eschenbach (LU)
19,19,5428,Hitzkirch
20,20,9884,Hochdorf
21,21,2403,Hohenrain
22,22,2641,Inwil
23,23,2831,Rain
24,24,1788,Römerswil
25,25,7678,Rothenburg
26,26,1030,Schongau
27,27,5460,Adligenswil
28,28,6361,Buchrain
29,29,1484,Dierikon
30,30,13849,Ebikon
31,31,1412,Gisikon
32,32,1165,Greppen
33,33,401,Honau
34,34,14243,Horw
35,35,27847,Kriens
36,36,82257,Luzern
37,37,7432,Malters
38,38,7436,Meggen
39,39,1451,Meierskappel
40,40,5126,Root
41,41,1726,Schwarzenberg
42,42,2294,Udligenswil
43,43,1402,Vitznau
44,44,4317,Weggis
45,45,6624,Beromünster
46,46,2559,Büron
47,47,3333,Buttisholz
48,48,1630,Eich
49,49,2874,Geuensee
50,50,3249,Grosswangen
51,51,2343,Hildisrieden
52,52,2275,Knutwil
53,53,1460,Mauensee
54,54,7163,Neuenkirch
55,55,3965,Nottwil
56,56,4794,Oberkirch
57,57,3398,Rickenbach (LU)
58,58,7046,Ruswil
59,59,3024,Schenkon
60,60,2588,Ottenbach
61,61,921,Schlierbach
62,62,4208,Sempach
63,63,10195,Sursee
64,64,4640,Triengen
65,65,4308,Wolhusen
66,66,5053,Bäretswil
67,67,7344,Bubikon
68,68,659,Alberswil
69,69,1012,Altbüron
70,70,1590,Altishofen
71,71,5608,Dagmersellen
72,72,369,Ebersecken
73,73,1514,Egolzwil
74,74,2730,Ettiswil
75,75,700,Fischbach
76,76,7606,Dürnten
77,77,1159,Gettnau
78,78,854,Grossdietwil
79,79,1905,Hergiswil bei Willisau
80,80,1238,Luthern
81,81,2888,Menznau
82,82,2695,Nebikon
83,83,2665,Pfaffnau
84,84,2516,Fischenthal
85,85,7186,Reiden
86,86,698,Roggliswil
87,87,4530,Schötz
88,88,888,Ufhusen
89,89,2261,Wauwil
90,90,1520,Wikon
91,91,10280,Gossau (ZH)
92,92,2097,Zell (LU)
93,93,7811,Willisau
94,94,3641,Grüningen
95,95,11277,Hinwil
96,96,12286,Rüti (ZH)
97,97,1430,Seegräben
98,98,1129,Rifferswil
99,99,10096,Wald (ZH)
100,100,9537,Altdorf (UR)
101,101,1433,Andermatt
102,102,1750,Attinghausen
103,103,165,Bauen
104,104,3995,Bürglen (UR)
105,105,3845,Erstfeld
106,106,1961,Flüelen
107,107,431,Göschenen
108,108,528,Gurtnellen
109,109,24990,Wetzikon (ZH)
110,110,180,Hospental
111,111,474,Isenthal
112,112,150,Realp
113,113,5413,Schattdorf
114,114,1886,Seedorf (UR)
115,115,678,Seelisberg
116,116,1957,Silenen
117,117,383,Sisikon
118,118,830,Spiringen
119,119,702,Unterschächen
120,120,405,Wassen
121,121,3755,Stallikon
122,122,16106,Einsiedeln
123,123,18944,Adliswil
124,124,2326,Gersau
125,125,5350,Feusisberg
126,126,16506,Freienbach
127,127,7299,Wollerau
128,128,13300,Küssnacht (SZ)
129,129,7059,Altendorf
130,130,5227,Galgenen
131,131,177,Innerthal
132,132,8883,Lachen
133,133,3825,Reichenburg
134,134,9190,Schübelbach
135,135,3293,Tuggen
136,136,992,Vorderthal
137,137,5150,Wangen (SZ)
138,138,8923,Kilchberg (ZH)
139,139,7727,Langnau am Albis
140,140,621,Alpthal
141,141,12154,Arth
142,142,797,Illgau
143,143,8952,Ingenbohl
144,144,1114,Lauerz
145,145,1148,Morschach
146,146,3486,Muotathal
147,147,870,Oberiberg
148,148,86,Riemenstalden
149,149,5002,Oberrieden
150,150,2460,Rothenthurm
151,151,1925,Sattel
152,152,15239,Schwyz
153,153,3608,Steinen
154,154,939,Steinerberg
155,155,2398,Unteriberg
156,156,13632,Richterswil
157,157,6092,Rüschlikon
158,158,5240,Wettswil am Albis
159,159,6053,Alpnach
160,160,4186,Engelberg
161,161,3657,Giswil
162,162,6295,Kerns
163,163,2111,Lungern
164,164,5170,Sachseln
165,165,10458,Sarnen
166,166,18139,Thalwil
167,167,3697,Beckenried
168,168,5285,Buochs
169,169,1832,Dallenwil
170,170,1440,Emmetten
171,171,4779,Ennetbürgen
172,172,2199,Ennetmoos
173,173,5776,Hergiswil (NW)
174,174,3114,Oberdorf (NW)
175,175,8254,Stans
176,176,5592,Erlenbach (ZH)
177,177,4624,Stansstad
178,178,2087,Wolfenschiessen
179,179,6460,Herrliberg
180,180,8775,Hombrechtikon
181,181,14564,Küsnacht (ZH)
182,182,11359,Männedorf
183,183,14335,Meilen
184,184,4840,Oetwil am See
185,185,14718,Stäfa
186,186,6201,Uetikon am See
187,187,5486,Zumikon
188,188,13067,Zollikon
189,189,18626,Glarus Nord
190,190,9453,Glarus Süd
191,191,12511,Glarus
192,192,24617,Baar
193,193,16893,Cham
194,194,8784,Hünenberg
195,195,4551,Menzingen
196,196,2237,Neuheim
197,197,6244,Oberägeri
198,198,10990,Risch
199,199,10129,Steinhausen
200,200,8868,Unterägeri
201,201,3711,Walchwil
202,202,30618,Zug
203,203,6485,Fehraltorf
204,204,3664,Hittnau
205,205,5605,Lindau
206,206,12164,Pfäffikon
207,207,4393,Russikon
208,208,3364,Weisslingen
209,209,1977,Wila
210,210,985,Wildberg
211,211,29303,Dübendorf
212,212,8796,Egg
213,213,8689,Fällanden
214,214,5385,Greifensee
215,215,10468,Maur
216,216,3898,Mönchaltorf
217,217,5170,Schwerzenbach
218,218,35007,Uster
219,219,18640,Volketswil
220,220,12303,Affoltern am Albis
221,221,7967,Wangen-Brüttisellen
222,222,484,Châtillon (FR)
223,223,390,Cheiry
224,224,1767,Cugy (FR)
225,225,1068,Fétigny
226,226,1097,Gletterens
227,227,1178,Lully (FR)
228,228,437,Ménières
229,229,2677,Montagny (FR)
230,230,446,Nuvilly
231,231,72,Prévondavaux
232,232,1835,Saint-Aubin (FR)
233,233,304,Sévaz
234,234,725,Surpierre
235,235,455,Vallon
236,236,1520,Les Montets
237,237,1173,Delley-Portalban
238,238,5559,Belmont-Broye
239,239,9762,Estavayer
240,240,2317,Cheyres-Châbles
241,241,282,Auboranges
242,242,786,Billens-Hennens
243,243,302,Chapelle (Glâne)
244,244,364,Le Châtelard
245,245,830,Châtonnaye
246,246,335,Ecublens (FR)
247,247,222,Grangettes
248,248,533,Massonnens
249,249,1044,Mézières (FR)
250,250,394,Montet (Glâne)
251,251,5366,Romont (FR)
252,252,1524,Rue
253,253,2281,Siviriez
254,254,698,Adlikon
255,255,3271,Ursy
256,256,698,Altikon
257,257,1315,Villaz-Saint-Pierre
258,258,2330,Vuisternens-devant-Romont
259,259,1498,Villorsonnens
260,260,973,Torny
261,261,988,La Folliaz
262,262,1559,Haut-Intyamon
263,263,1920,Pont-en-Ogoz
264,264,616,Botterens
265,265,2627,Broc
266,266,23871,Bulle
267,267,295,Châtel-sur-Montsalvens
268,268,908,Corbières
269,269,2067,Brütten
270,270,398,Crésuz
271,271,829,Echarlens
272,272,847,Grandvillard
273,273,2212,Gruyères
274,274,681,Hauteville
275,275,643,Jaun
276,276,1037,Dägerlen
277,277,1959,Marsens
278,278,638,Morlon
279,279,1336,Le Pâquier (FR)
280,280,595,Pont-la-Ville
281,281,2791,Riaz
282,282,1744,La Roche
283,283,776,Dättlikon
284,284,1441,Sâles
285,285,1119,Sorens
286,286,1071,Vaulruz
287,287,1684,Dinhard
288,288,2435,Vuadens
289,289,1549,Bas-Intyamon
290,290,2538,Val-de-Charmey
291,291,1038,Arconciel
292,292,796,Autigny
293,293,1925,Avry
294,294,3280,Belfaux
295,295,842,Chénens
296,296,901,Ellikon an der Thur
297,297,2717,Corminboeuf
298,298,413,Corserey
299,299,1504,Cottens (FR)
300,300,1085,Ependes (FR)
301,301,3647,Elsau
302,302,266,Ferpicloz
303,303,38197,Fribourg
304,304,3177,Givisiez
305,305,3773,Granges-Paccot
306,306,845,Benken (ZH)
307,307,1085,Hagenbuch
308,308,1972,Grolley
309,309,8138,Marly
310,310,1543,Matran
311,311,3169,Hettlingen
312,312,2664,Neyruz (FR)
313,313,707,Noréaz
314,314,160,Pierrafortscha
315,315,750,Ponthaux
316,316,3135,Le Mouret
317,317,1126,Prez-vers-Noréaz
318,318,150,Senèdes
319,319,1483,Treyvaux
320,320,12228,Villars-sur-Glâne
321,321,5718,Neftenbach
322,322,72,Villarsel-sur-Marly
323,323,2531,Hauterive (FR)
324,324,2052,La Brillaz
325,325,1173,La Sonnaz
326,326,7606,Gibloux
327,327,3900,Pfungen
328,328,2749,Rickenbach (ZH)
329,329,1428,Courgevaux
330,330,5468,Courtepin
331,331,1003,Cressier (FR)
332,332,454,Fräschels
333,333,727,Galmiz
334,334,789,Schlatt (ZH)
335,335,313,Gempenach
336,336,173,Greng
337,337,4404,Gurmels
338,338,5029,Kerzers
339,339,702,Kleinbösingen
340,340,7440,Seuzach
341,341,573,Meyriez
342,342,2116,Misery-Courtion
343,343,954,Muntelier
344,344,8259,Murten
345,345,1160,Ried bei Kerzers
346,346,449,Ulmiz
347,347,4883,Turbenthal
348,348,4015,Mont-Vully
349,349,2050,Alterswil
350,350,653,Brünisried
351,351,8181,Düdingen
352,352,1638,Giffers
353,353,3409,Bösingen
354,354,1402,Heitenried
355,355,3621,Plaffeien
356,356,577,Berg am Irchel
357,357,113173,Winterthur
358,358,1013,Plasselb
359,359,1108,Rechthalten
360,360,2079,St. Antoni
361,361,971,St. Silvester
362,362,1345,St. Ursen
363,363,4037,Schmitten (FR)
364,364,3510,Tafers
365,365,1338,Tentlingen
366,366,2379,Ueberstorf
367,367,5569,Wünnewil-Flamatt
368,368,6299,Zell (ZH)
369,369,3562,Attalens
370,370,1512,Bossonnens
371,371,7216,Châtel-Saint-Denis
372,372,864,Granges (Veveyse)
373,373,1152,Remaufens
374,374,1028,Saint-Martin (FR)
375,375,1435,Semsales
376,376,1201,Le Flon
377,377,1254,La Verrerie
378,378,979,Buch am Irchel
379,379,3793,Egerkingen
380,380,1638,Härkingen
381,381,1829,Kestenholz
382,382,2246,Neuendorf
383,383,1246,Niederbuchsiten
384,384,2282,Oberbuchsiten
385,385,6264,Oensingen
386,386,2307,Wolfwil
387,387,1669,Aesch (ZH)
388,388,6724,Birmensdorf (ZH)
389,389,579,Aedermannsdorf
390,390,6239,Balsthal
391,391,82,Gänsbrunnen
392,392,565,Herbetswil
393,393,692,Holderbank (SO)
394,394,1808,Laupersdorf
395,395,1340,Matzendorf
396,396,2404,Mümliswil-Ramiswil
397,397,1076,Welschenrohr
398,398,27746,Dietikon
399,399,4934,Geroldswil
400,400,327,Biezwil
401,401,6738,Oberengstringen
402,402,829,Lüterkofen-Ichertswil
403,403,320,Lüterswil-Gächliwil
404,404,1476,Messen
405,405,2515,Oetwil an der Limmat
406,406,1140,Schnottwil
407,407,218,Unterramsern
408,408,1084,Lüsslingen-Nennigkofen
409,409,2560,Buchegg
410,410,18791,Schlieren
411,411,1166,Bättwil
412,412,1059,Büren (SO)
413,413,6849,Dornach
414,414,901,Gempen
415,415,1290,Hochwald
416,416,3209,Hofstetten-Flüh
417,417,925,Metzerlen-Mariastein
418,418,1488,Nuglar-St. Pantaleon
419,419,1336,Rodersdorf
420,420,4668,Uitikon
421,421,1003,Seewen
422,422,1452,Witterswil
423,423,3934,Unterengstringen
424,424,308,Hauenstein-Ifenthal
425,425,504,Kienberg
426,426,3942,Lostorf
427,427,3830,Niedergösgen
428,428,2271,Obergösgen
429,429,91,Rohr (SO)
430,430,1105,Stüsslingen
431,431,1916,Dachsen
432,432,9981,Urdorf
433,433,6595,Trimbach
434,434,1902,Winznau
435,435,433,Wisen (SO)
436,436,3555,Erlinsbach (SO)
437,437,4813,Weiningen (ZH)
438,438,1257,Aeschi (SO)
439,439,8766,Biberist
440,440,595,Bolken
441,441,2220,Deitingen
442,442,6520,Derendingen
443,443,917,Etziken
444,444,5336,Gerlafingen
445,445,836,Halten
446,446,830,Horriwil
447,447,153,Hüniken
448,448,1304,Kriegstetten
449,449,2844,Lohn-Ammannsegg
450,450,3488,Luterbach
451,451,1225,Obergerlafingen
452,452,872,Oekingen
453,453,2017,Recherswil
454,454,3173,Subingen
455,455,9041,Zuchwil
456,456,740,Drei Höfe
457,457,209,Balm bei Günsberg
458,458,5284,Bellach
459,459,4971,Bettlach
460,460,991,Feldbrunnen-St. Niklaus
461,461,1004,Flumenthal
462,462,17468,Grenchen
463,463,1176,Günsberg
464,464,737,Hubersdorf
465,465,32,Kammersrohr
466,466,3806,Langendorf
467,467,1540,Lommiswil
468,468,1749,Oberdorf (SO)
469,469,2323,Riedholz
470,470,1465,Rüttenen
471,471,3434,Selzach
472,472,769,Boningen
473,473,2914,Däniken
474,474,5082,Dulliken
475,475,327,Eppenberg-Wöschnau
476,476,1785,Fulenbach
477,477,2779,Gretzenbach
478,478,1654,Gunzgen
479,479,5140,Hägendorf
480,480,3265,Kappel (SO)
481,481,18399,Olten
482,482,1038,Rickenbach (SO)
483,483,4966,Schönenwerd
484,484,1710,Starrkirch-Wil
485,485,724,Walterswil (SO)
486,486,5134,Wangen bei Olten
487,487,658,Dorf
488,488,16933,Solothurn
489,489,420217,Zürich
490,490,801,Bärschwil
491,491,275,Beinwil (SO)
492,492,3914,Breitenbach
493,493,2298,Büsserach
494,494,935,Erschwil
495,495,608,Fehren
496,496,520,Grindel
497,497,947,Himmelried
498,498,1238,Kleinlützel
499,499,668,Meltingen
500,500,1897,Nunningen
501,501,646,Zullwil
502,502,3614,Feuerthalen
503,503,173232,Basel
504,504,1163,Bettingen
505,505,21449,Riehen
506,506,10356,Aesch (BL)
507,507,21090,Allschwil
508,508,9158,Arlesheim
509,509,3476,Biel-Benken
510,510,15793,Binningen
511,511,10432,Birsfelden
512,512,6783,Bottmingen
513,513,5354,Ettingen
514,514,12104,Münchenstein
515,515,17910,Muttenz
516,516,11221,Oberwil (BL)
517,517,2369,Pfeffingen
518,518,19181,Reinach (BL)
519,519,1409,Schönenbuch
520,520,9918,Therwil
521,521,699,Blauen
522,522,1656,Brislach
523,523,276,Burg im Leimental
524,524,708,Dittingen
525,525,1547,Duggingen
526,526,1871,Grellingen
527,527,5643,Laufen
528,528,1102,Liesberg
529,529,455,Nenzlingen
530,530,279,Roggenburg
531,531,1897,Röschenz
532,532,1466,Wahlen
533,533,2453,Zwingen
534,534,1420,Flaach
535,535,1653,Arisdorf
536,536,1042,Augst
537,537,4402,Bubendorf
538,538,6454,Frenkendorf
539,539,4588,Füllinsdorf
540,540,1051,Giebenach
541,541,330,Hersberg
542,542,5320,Lausen
543,543,14391,Liestal
544,544,1450,Lupsingen
545,545,16650,Pratteln
546,546,708,Ramlinsburg
547,547,1290,Seltisberg
548,548,1561,Ziefen
549,549,553,Anwil
550,550,825,Böckten
551,551,689,Buckten
552,552,1069,Buus
553,553,777,Diepflingen
554,554,6268,Gelterkinden
555,555,243,Häfelfingen
556,556,255,Hemmiken
557,557,2159,Itingen
558,558,533,Känerkinden
559,559,161,Kilchberg (BL)
560,560,1288,Läufelfingen
561,561,930,Maisprach
562,562,262,Nusshof
563,563,498,Oltingen
564,564,2261,Ormalingen
565,565,585,Rickenbach (BL)
566,566,764,Rothenfluh
567,567,430,Rümlingen
568,568,746,Rünenberg
569,569,6686,Sissach
570,570,839,Tecknau
571,571,915,Tenniken
572,572,1358,Thürnen
573,573,706,Wenslingen
574,574,607,Wintersingen
575,575,439,Wittinsburg
576,576,493,Zeglingen
577,577,2612,Zunzgen
578,578,580,Arboldswil
579,579,667,Bennwil
580,580,753,Bretzwil
581,581,1624,Diegten
582,582,535,Eptingen
583,583,2556,Hölstein
584,584,508,Lampenberg
585,585,957,Langenbruck
586,586,315,Lauwil
587,587,167,Liedertswil
588,588,1846,Niederdorf
589,589,2403,Oberdorf (BL)
590,590,1588,Reigoldswil
591,591,419,Titterten
592,592,1103,Waldenburg
593,593,1477,Flurlingen
594,594,876,Gächlingen
595,595,1474,Löhningen
596,596,2326,Neunkirch
597,597,423,Büttenhardt
598,598,1031,Dörflingen
599,599,743,Lohn (SH)
600,600,1374,Stetten (SH)
601,601,2790,Stammheim
602,602,5547,Thayngen
603,603,24624,Wädenswil
604,604,312,Bargen (SH)
605,605,4925,Beringen
606,606,854,Buchberg
607,607,856,Merishausen
608,608,10467,Neuhausen am Rheinfall
609,609,781,Rüdlingen
610,610,36604,Schaffhausen
611,611,4942,Elgg
612,612,22992,Horgen
613,613,463,Beggingen
614,614,1653,Schleitheim
615,615,880,Siblingen
616,616,17333,Illnau-Effretikon
617,617,332,Buch (SH)
618,618,474,Hemishofen
619,619,1465,Ramsen
620,620,3505,Stein am Rhein
621,621,4873,Bauma
622,622,2207,Hallau
623,623,438,Oberhallau
624,624,598,Trasadingen
625,625,1740,Wilchingen
626,626,6594,Wiesendangen
627,627,5572,Bonstetten
628,628,2247,Andelfingen
629,629,15763,Herisau
630,630,967,Hundwil
631,631,528,Schönengrund
632,632,1541,Schwellbrunn
633,633,1387,Stein (AR)
634,634,2272,Urnäsch
635,635,1817,Waldstatt
636,636,4632,Aarberg
637,637,1025,Bargen (BE)
638,638,1852,Bühler
639,639,3066,Gais
640,640,4408,Speicher
641,641,6362,Teufen (AR)
642,642,1752,Trogen
643,643,3031,Grossaffoltern
644,644,1013,Grub (AR)
645,645,4203,Heiden
646,646,1299,Lutzenberg
647,647,1756,Rehetobel
648,648,704,Reute (AR)
649,649,872,Wald (AR)
650,650,2012,Walzenhausen
651,651,1871,Wolfhalden
652,652,2204,Kallnach
653,653,1414,Kappelen
654,654,15525,Lyss
655,655,2473,Meikirch
656,656,1287,Radelfingen
657,657,2234,Henggart
658,658,2560,Rapperswil (BE)
659,659,5778,Appenzell
660,660,1445,Gonten
661,661,3692,Rüte
662,662,1140,Schlatt-Haslen
663,663,2184,Schwende
664,664,3773,Schüpfen
665,665,1889,Oberegg
666,666,3084,Seedorf (BE)
667,667,485,Humlikon
668,668,1390,Häggenschwil
669,669,1220,Muolen
670,670,76090,St. Gallen
671,671,9706,Wittenbach
672,672,4620,Aarwangen
673,673,851,Berg (SG)
674,674,2339,Eggersriet
675,675,9504,Goldach
676,676,3658,Mörschwil
677,677,9438,Rorschach
678,678,7382,Rorschacherberg
679,679,3608,Steinach
680,680,1438,Tübach
681,681,1046,Untereggen
682,682,440,Auswil
683,683,661,Bannwil
684,684,7809,Au (SG)
685,685,4891,Balgach
686,686,3936,Berneck
687,687,6465,Diepoldsau
688,688,3398,Rheineck
689,689,5960,St. Margrethen
690,690,6565,Thal
691,691,9756,Widnau
692,692,713,Bleienbach
693,693,181,Busswil bei Melchnau
694,694,11877,Altstätten
695,695,1520,Eichberg
696,696,2110,Marbach (SG)
697,697,8979,Oberriet (SG)
698,698,4533,Rebstein
699,699,2412,Rüthi (SG)
700,700,728,Gondiswil
701,701,12861,Buchs (SG)
702,702,3550,Gams
703,703,7147,Grabs
704,704,5665,Sennwald
705,705,5112,Sevelen
706,706,5295,Wartau
707,707,15644,Langenthal
708,708,6264,Bad Ragaz
709,709,4889,Flums
710,710,8561,Mels
711,711,1556,Pfäfers
712,712,2949,Quarten
713,713,6200,Sargans
714,714,4884,Vilters-Wangs
715,715,5705,Walenstadt
716,716,2074,Kleinandelfingen
717,717,2628,Lotzwil
718,718,1823,Amden
719,719,2982,Benken (SG)
720,720,4924,Kaltbrunn
721,721,3876,Schänis
722,722,1717,Weesen
723,723,3275,Madiswil
724,724,1489,Melchnau
725,725,3766,Schmerikon
726,726,6489,Uznach
727,727,422,Obersteckholz
728,728,27277,Rapperswil-Jona
729,729,5218,Gommiswald
730,730,9584,Eschenbach (SG)
731,731,221,Oeschenbach
732,732,5001,Ebnat-Kappel
733,733,2606,Wildhaus-Alt St. Johann
734,734,174,Reisiswil
735,735,3545,Nesslau
736,736,4056,Roggwil (BE)
737,737,902,Hemberg
738,738,1896,Lichtensteig
739,739,1251,Oberhelfenschwil
740,740,4044,Neckertal
741,741,8761,Wattwil
742,742,1484,Rohrbach
743,743,394,Rohrbachgraben
744,744,9100,Kirchberg (SG)
745,745,1606,Lütisburg
746,746,2847,Mosnang
747,747,4987,Bütschwil-Ganterschwil
748,748,1761,Laufen-Uhwiesen
749,749,566,Rütschelen
750,750,4121,Degersheim
751,751,10425,Flawil
752,752,3834,Jonschwil
753,753,6403,Oberuzwil
754,754,13129,Uzwil
755,755,525,Schwarzhäusern
756,756,3425,Thunstetten
757,757,1505,Niederbüren
758,758,3136,Niederhelfenschwil
759,759,4542,Oberbüren
760,760,4792,Zuzwil (SG)
761,761,24159,Wil (SG)
762,762,879,Ursenbach
763,763,1999,Andwil (SG)
764,764,8327,Gaiserwald
765,765,18108,Gossau (SG)
766,766,3533,Waldkirch
767,767,1660,Wynau
768,768,1918,Marthalen
769,769,2786,Vaz/Obervaz
770,770,134591,Bern
771,771,539,Lantsch/Lenz
772,772,221,Schmitten (GR)
773,773,6286,Bolligen
774,774,4369,Bremgarten bei Bern
775,775,3214,Kirchlindach
776,776,1283,Albula/Alvra
777,777,2327,Surses
778,778,898,Bergün Filisur
779,779,42044,Köniz
780,780,1120,Brusio
781,781,13023,Muri bei Bern
782,782,3493,Poschiavo
783,783,849,Oberbalm
784,784,620,Falera
785,785,1885,Laax
786,786,3137,Stettlen
787,787,728,Sagogn
788,788,612,Schluein
789,789,5345,Vechigen
790,790,9266,Wohlen bei Bern
791,791,979,Vals
792,792,10471,Zollikofen
793,793,2019,Lumnezia
794,794,4757,Ilanz/Glion
795,795,11306,Ittigen
796,796,17772,Ostermundigen
797,797,357,Fürstenau
798,798,304,Rothenbrunnen
799,799,790,Scharans
800,800,960,Sils im Domleschg
801,801,2264,Cazis
802,802,247,Flerden
803,803,498,Masein
804,804,3278,Thusis
805,805,133,Tschappina
806,806,147,Urmein
807,807,903,Safiental
808,808,2113,Domleschg
809,809,171,Avers
810,810,145,Sufers
811,811,1668,Ossingen
812,812,906,Andeer
813,813,54,Casti-Wergenstein
814,814,201,Donat
815,815,52,Lohn (GR)
816,816,53,Mathon
817,817,55602,Biel/Bienne
818,818,53,Rongellen
819,819,396,Zillis-Reischen
820,820,80,Ferrera
821,821,581,Rheinwald
822,822,2654,Evilard
823,823,3467,Bonaduz
824,824,8132,Domat/Ems
825,825,1557,Rhäzüns
826,826,2589,Felsberg
827,827,2912,Flims
828,828,1222,Tamins
829,829,1414,Trin
830,830,1523,Zernez
831,831,772,Samnaun
832,832,4624,Scuol
833,833,841,Valsot
834,834,607,Bever
835,835,1502,Celerina/Schlarigna
836,836,207,Madulain
837,837,2147,Pontresina
838,838,679,La Punt-Chamues-ch
839,839,2913,Samedan
840,840,4882,St. Moritz
841,841,681,S-chanf
842,842,702,Sils im Engadin/Segl
843,843,1132,Silvaplana
844,844,1177,Zuoz
845,845,1555,Bregaglia
846,846,1316,Rheinau
847,847,89,Buseno
848,848,274,Castaneda
849,849,151,Rossa
850,850,1629,Arch
851,851,109,Santa Maria in Calanca
852,852,870,Büetigen
853,853,805,Lostallo
854,854,1344,Mesocco
855,855,319,Soazza
856,856,3584,Büren an der Aare
857,857,552,Cama
858,858,1406,Grono
859,859,2581,Roveredo (GR)
860,860,841,San Vittore
861,861,200,Calanca
862,862,1437,Val Müstair
863,863,994,Diessbach bei Büren
864,864,10862,Davos
865,865,1478,Dotzigen
866,866,595,Fideris
867,867,202,Furna
868,868,1151,Jenaz
869,869,5280,Lengnau (BE)
870,870,4431,Klosters-Serneus
871,871,1289,Leuzigen
872,872,222,Conters im Prättigau
873,873,844,Küblis
874,874,50,Meienried
875,875,1591,Luzein
876,876,938,Thalheim an der Thur
877,877,1298,Meinisberg
878,878,35470,Chur
879,879,901,Oberwil bei Büren
880,880,1912,Churwalden
881,881,4651,Pieterlen
882,882,3145,Arosa
883,883,522,Maladers
884,884,857,Rüti bei Büren
885,885,307,Tschiertschen-Praden
886,886,608,Wengi
887,887,1090,Haldenstein
888,888,3310,Trimmis
889,889,2521,Untervaz
890,890,3490,Zizers
891,891,835,Fläsch
892,892,895,Jenins
893,893,3006,Maienfeld
894,894,2419,Malans
895,895,8926,Landquart
896,896,2116,Grüsch
897,897,2705,Schiers
898,898,1370,Seewis im Prättigau
899,899,1728,Breil/Brigels
900,900,2046,Disentis/Mustér
901,901,355,Medel (Lucmagn)
902,902,1121,Sumvitg
903,903,1207,Tujetsch
904,904,1164,Trun
905,905,1165,Obersaxen Mundaun
906,906,3751,Hausen am Albis
907,907,1061,Trüllikon
908,908,21773,Aarau
909,909,1598,Biberstein
910,910,7971,Buchs (AG)
911,911,721,Densbüren
912,912,4252,Erlinsbach (AG)
913,913,7994,Gränichen
914,914,1611,Hirschthal
915,915,6268,Küttigen
916,916,3907,Muhen
917,917,1096,Aefligen
918,918,8510,Oberentfelden
919,919,10476,Suhr
920,920,4249,Unterentfelden
921,921,576,Alchenstorf
922,922,19547,Baden
923,923,1550,Bellikon
924,924,2831,Bergdietikon
925,925,2988,Birmenstorf (AG)
926,926,3501,Ennetbaden
927,927,5552,Fislisbach
928,928,1038,Freienwil
929,929,5461,Gebenstorf
930,930,1046,Bäriswil
931,931,2057,Killwangen
932,932,1795,Künten
933,933,2123,Mägenwil
934,934,5772,Mellingen
935,935,8950,Neuenhof
936,936,4134,Niederrohrdorf
937,937,4080,Oberrohrdorf
938,938,8628,Obersiggenthal
939,939,2019,Remetschwil
940,940,16587,Burgdorf
941,941,12065,Spreitenbach
942,942,2201,Stetten (AG)
943,943,3004,Turgi
944,944,7211,Untersiggenthal
945,945,20934,Wettingen
946,946,1603,Wohlenschwil
947,947,4768,Würenlingen
948,948,6494,Würenlos
949,949,4840,Ehrendingen
950,950,2039,Ersigen
951,951,3326,Hasle bei Burgdorf
952,952,1868,Arni (AG)
953,953,4756,Berikon
954,954,8211,Bremgarten (AG)
955,955,975,Büttikon
956,956,3891,Dottikon
957,957,1034,Eggenwil
958,958,1607,Fischbach-Göslikon
959,959,2445,Hägglingen
960,960,1636,Heimiswil
961,961,2183,Jonen
962,962,2815,Niederwil (AG)
963,963,2035,Oberlunkhofen
964,964,2457,Oberwil-Lieli
965,965,4508,Rudolfstetten-Friedlisberg
966,966,2929,Sarmenstorf
967,967,1489,Tägerig
968,968,488,Uezwil
969,969,1469,Unterlunkhofen
970,970,211,Hellsau
971,971,7472,Villmergen
972,972,3779,Widen
973,973,16613,Wohlen (AG)
974,974,4503,Zufikon
975,975,631,Islisberg
976,976,2490,Hindelbank
977,977,1605,Auenstein
978,978,4582,Birr
979,979,757,Birrhard
980,980,804,Bözen
981,981,11229,Brugg
982,982,621,Effingen
983,983,294,Elfingen
984,984,422,Habsburg
985,985,463,Truttikon
986,986,270,Höchstetten
987,987,3646,Hausen (AG)
988,988,3141,Lupfig
989,989,334,Mandach
990,990,394,Mönthal
991,991,1086,Mülligen
992,992,560,Kernenried
993,993,1225,Remigen
994,994,1459,Riniken
995,995,841,Rüfenach
996,996,1346,Schinznach-Bad
997,997,812,Thalheim (AG)
998,998,5916,Kirchberg (BE)
999,999,1518,Veltheim (AG)
1000,1000,2148,Villigen
1001,1001,1653,Villnachern
1002,1002,7613,Windisch
1003,1003,1645,Bözberg
1004,1004,2263,Schinznach
1005,1005,2082,Koppigen
1006,1006,3361,Beinwil am See
1007,1007,1149,Birrwil
1008,1008,1000,Burg (AG)
1009,1009,1260,Dürrenäsch
1010,1010,2169,Gontenschwil
1011,1011,1474,Holziken
1012,1012,473,Leimbach (AG)
1013,1013,758,Leutwil
1014,1014,6519,Menziken
1015,1015,2401,Krauchthal
1016,1016,2725,Oberkulm
1017,1017,8781,Reinach (AG)
1018,1018,835,Schlossrued
1019,1019,1152,Schmiedrued
1020,1020,4427,Schöftland
1021,1021,1641,Teufenthal (AG)
1022,1022,3134,Unterkulm
1023,1023,1348,Zetzwil
1024,1024,1437,Lyssach
1025,1025,121,Mötschwil
1026,1026,2301,Eiken
1027,1027,5655,Frick
1028,1028,1053,Gansingen
1029,1029,3646,Gipf-Oberfrick
1030,1030,1578,Herznach
1031,1031,971,Hornussen
1032,1032,2682,Kaisten
1033,1033,3680,Laufenburg
1034,1034,950,Münchwilen (AG)
1035,1035,589,Oberhof
1036,1036,1044,Oeschgen
1037,1037,685,Schwaderloch
1038,1038,1601,Sisseln
1039,1039,884,Ueken
1040,1040,2970,Oberburg
1041,1041,1330,Wittnau
1042,1042,1042,Wölflinswil
1043,1043,1175,Zeihen
1044,1044,2035,Mettauertal
1045,1045,722,Ammerswil
1046,1046,1480,Boniswil
1047,1047,874,Brunegg
1048,1048,2254,Dintikon
1049,1049,1477,Egliswil
1050,1050,2280,Fahrwangen
1051,1051,879,Hallwil
1052,1052,1322,Hendschiken
1053,1053,1377,Holderbank (AG)
1054,1054,2419,Rüdtligen-Alchenflüh
1055,1055,4038,Hunzenschwil
1056,1056,10822,Lenzburg
1057,1057,2955,Meisterschwanden
1058,1058,4498,Möriken-Wildegg
1059,1059,4765,Niederlenz
1060,1060,2929,Othmarsingen
1061,1061,5483,Rupperswil
1062,1062,3031,Schafisheim
1063,1063,4081,Seengen
1064,1064,5223,Seon
1065,1065,79,Rumendingen
1066,1066,3876,Staufen
1067,1067,167,Rüti bei Lyssach
1068,1068,964,Abtwil
1069,1069,1487,Aristau
1070,1070,2144,Auw
1071,1071,1176,Beinwil (Freiamt)
1072,1072,631,Besenbüren
1073,1073,636,Bettwil
1074,1074,2873,Boswil
1075,1075,1113,Bünzen
1076,1076,204,Willadingen
1077,1077,1240,Buttwil
1078,1078,1333,Dietwil
1079,1079,221,Geltwil
1080,1080,387,Kallern
1081,1081,3667,Merenschwand
1082,1082,1209,Mühlau
1083,1083,8137,Muri (AG)
1084,1084,1542,Oberrüti
1085,1085,910,Rottenschwil
1086,1086,4278,Sins
1087,1087,2093,Wynigen
1088,1088,2964,Waltenschwil
1089,1089,785,Hellikon
1090,1090,5533,Kaiseraugst
1091,1091,3885,Magden
1092,1092,11047,Möhlin
1093,1093,1553,Mumpf
1094,1094,1047,Obermumpf
1095,1095,361,Olsberg
1096,1096,13503,Rheinfelden
1097,1097,802,Schupfart
1098,1098,3184,Stein (AG)
1099,1099,1984,Wallbach
1100,1100,1040,Wegenstetten
1101,1101,2381,Zeiningen
1102,1102,864,Zuzgen
1103,1103,8376,Aarburg
1104,1104,804,Bottenwil
1105,1105,3947,Brittnau
1106,1106,870,Kirchleerau
1107,1107,4581,Kölliken
1108,1108,899,Moosleerau
1109,1109,3013,Murgenthal
1110,1110,14101,Oftringen
1111,1111,1555,Reitnau
1112,1112,9148,Rothrist
1113,1113,3924,Safenwil
1114,1114,1301,Staffelbach
1115,1115,4870,Strengelbach
1116,1116,1346,Uerkheim
1117,1117,1977,Vordemwald
1118,1118,163,Wiliberg
1119,1119,11861,Zofingen
1120,1120,380,Volken
1121,1121,266,Baldingen
1122,1122,171,Böbikon
1123,1123,3919,Böttstein
1124,1124,4139,Döttingen
1125,1125,2565,Endingen
1126,1126,510,Fisibach
1127,1127,880,Full-Reuenthal
1128,1128,415,Kaiserstuhl
1129,1129,3536,Klingnau
1130,1130,1737,Corgémont
1131,1131,1689,Koblenz
1132,1132,1384,Leibstadt
1133,1133,2780,Lengnau (AG)
1134,1134,2141,Leuggern
1135,1135,229,Mellikon
1136,1136,973,Rekingen (AG)
1137,1137,717,Rietheim
1138,1138,334,Rümikon
1139,1139,1486,Schneisingen
1140,1140,636,Siglistorf
1141,1141,490,Cormoret
1142,1142,1195,Tegerfelden
1143,1143,353,Wislikofen
1144,1144,4365,Bad Zurzach
1145,1145,688,Cortébert
1146,1146,1456,Courtelary
1147,1147,529,La Ferrière
1148,1148,109,Mont-Tramelan
1149,1149,1196,Orvin
1150,1150,14796,Arbon
1151,1151,683,Dozwil
1152,1152,927,Renan (BE)
1153,1153,4699,Egnach
1154,1154,1210,Hefenhofen
1155,1155,204,Romont (BE)
1156,1156,2901,Horn
1157,1157,999,Kesswil
1158,1158,5140,Saint-Imier
1159,1159,3095,Roggwil (TG)
1160,1160,11269,Romanshorn
1161,1161,1952,Sonceboz-Sombeval
1162,1162,1477,Salmsach
1163,1163,610,Sommeri
1164,1164,1237,Sonvilier
1165,1165,1893,Uttwil
1166,1166,4580,Tramelan
1167,1167,13816,Amriswil
1168,1168,5982,Bischofszell
1169,1169,3779,Erlen
1170,1170,924,Villeret
1171,1171,1993,Hauptwil-Gottshaus
1172,1172,819,Sauge
1173,1173,584,Hohentannen
1174,1174,1890,Péry-La Heutte
1175,1175,3609,Kradolf-Schönenberg
1176,1176,3918,Sulgen
1177,1177,2442,Zihlschlacht-Sitterdorf
1178,1178,1829,Basadingen-Schlattingen
1179,1179,4042,Diessenhofen
1180,1180,1777,Schlatt (TG)
1181,1181,9047,Aadorf
1182,1182,2869,Felben-Wellhausen
1183,1183,25781,Frauenfeld
1184,1184,4455,Gachnang
1185,1185,842,Hüttlingen
1186,1186,2967,Matzingen
1187,1187,1048,Neunforn
1188,1188,1224,Stettfurt
1189,1189,1488,Thundorf
1190,1190,1084,Uesslingen-Buch
1191,1191,1333,Warth-Weiningen
1192,1192,2285,Altnau
1193,1193,2301,Bottighofen
1194,1194,3527,Ermatingen
1195,1195,333,Gottlieben
1196,1196,1661,Güttingen
1197,1197,2601,Kemmental
1198,1198,22188,Kreuzlingen
1199,1199,1273,Langrickenbach
1200,1200,1744,Lengwil
1201,1201,3494,Münsterlingen
1202,1202,4762,Tägerwilen
1203,1203,1047,Wäldi
1204,1204,2606,Affeltrangen
1205,1205,1226,Bettwiesen
1206,1206,2878,Bichelsee-Balterswil
1207,1207,815,Braunau
1208,1208,4480,Eschlikon
1209,1209,2802,Fischingen
1210,1210,1211,Lommis
1211,1211,5680,Münchwilen (TG)
1212,1212,2803,Rickenbach (TG)
1213,1213,846,Schönholzerswilen
1214,1214,7803,Sirnach
1215,1215,1604,Tobel-Tägerschen
1216,1216,4769,Wängi
1217,1217,2521,Wilen (TG)
1218,1218,1118,Wuppenau
1219,1219,890,Berlingen
1220,1220,1832,Eschenz
1221,1221,1115,Herdern
1222,1222,1542,Homburg
1223,1223,1773,Hüttwilen
1224,1224,659,Mammern
1225,1225,3003,Müllheim
1226,1226,2071,Pfyn
1227,1227,413,Raperswilen
1228,1228,1369,Salenstein
1229,1229,3746,Steckborn
1230,1230,1713,Wagenhausen
1231,1231,1341,Amlikon-Bissegg
1232,1232,3449,Berg (TG)
1233,1233,1340,Birwinken
1234,1234,588,Brüttelen
1235,1235,3959,Bürglen (TG)
1236,1236,1388,Erlach
1237,1237,2458,Bussnang
1238,1238,581,Finsterhennen
1239,1239,833,Gals
1240,1240,2889,Märstetten
1241,1241,11602,Weinfelden
1242,1242,953,Gampelen
1243,1243,2464,Wigoltingen
1244,1244,3555,Ins
1245,1245,551,Lüscherz
1246,1246,1505,Müntschemier
1247,1247,603,Siselen
1248,1248,3778,Hedingen
1249,1249,411,Treiten
1250,1250,5057,Arbedo-Castione
1251,1251,43279,Bellinzona
1252,1252,2942,Cadenazzo
1253,1253,396,Isone
1254,1254,472,Tschugg
1255,1255,1571,Lumino
1256,1256,2510,Sant'Antonino
1257,1257,877,Vinelz
1258,1258,1813,Acquarossa
1259,1259,1770,Blenio
1260,1260,2075,Serravalle
1261,1261,1481,Airolo
1262,1262,106,Bedretto
1263,1263,968,Bodio
1264,1264,171,Dalpe
1265,1265,2889,Faido
1266,1266,833,Giornico
1267,1267,331,Personico
1268,1268,799,Pollegio
1269,1269,409,Prato (Leventina)
1270,1270,1020,Quinto
1271,1271,5497,Ascona
1272,1272,172,Brione (Verzasca)
1273,1273,480,Brione sopra Minusio
1274,1274,1695,Brissago
1275,1275,4180,Bachenbülach
1276,1276,9,Corippo
1277,1277,107,Frasco
1278,1278,4666,Gordola
1279,1279,1299,Lavertezzo
1280,1280,15776,Locarno
1281,1281,6695,Losone
1282,1282,209,Mergoscia
1283,1283,7281,Minusio
1284,1284,2675,Muralto
1285,1285,717,Orselina
1286,1286,573,Ronco sopra Ascona
1287,1287,82,Sonogno
1288,1288,3223,Tenero-Contra
1289,1289,270,Vogorno
1290,1290,661,Onsernone
1291,1291,2845,Cugnasco-Gerra
1292,1292,4403,Agno
1293,1293,376,Aranno
1294,1294,992,Arogno
1295,1295,299,Astano
1296,1296,1545,Bedano
1297,1297,611,Bedigliora
1298,1298,2658,Bioggio
1299,1299,913,Bissone
1300,1300,459,Brusino Arsizio
1301,1301,776,Cademario
1302,1302,1536,Cadempino
1303,1303,2316,Canobbio
1304,1304,4304,Caslano
1305,1305,2047,Comano
1306,1306,858,Croglio
1307,1307,1422,Cureglia
1308,1308,565,Curio
1309,1309,463,Grancia
1310,1310,1375,Gravesano
1311,1311,1727,Lamone
1312,1312,62615,Lugano
1313,1313,1627,Magliaso
1314,1314,1305,Manno
1315,1315,700,Maroggia
1316,1316,6153,Massagno
1317,1317,1437,Melano
1318,1318,1806,Melide
1319,1319,1377,Mezzovico-Vira
1320,1320,11824,Bassersdorf
1321,1321,317,Miglieglia
1322,1322,849,Monteggio
1323,1323,715,Morcote
1324,1324,810,Muzzano
1325,1325,324,Neggio
1326,1326,832,Novaggio
1327,1327,1482,Origlio
1328,1328,4303,Paradiso
1329,1329,1907,Ponte Capriasca
1330,1330,773,Ponte Tresa
1331,1331,1526,Porza
1332,1332,1348,Pura
1333,1333,817,Rovio
1334,1334,2199,Savosa
1335,1335,685,Sessa
1336,1336,1835,Sorengo
1337,1337,6737,Capriasca
1338,1338,3104,Torricella-Taverne
1339,1339,583,Vernate
1340,1340,1877,Vezia
1341,1341,431,Vico Morcote
1342,1342,4615,Collina d'Oro
1343,1343,1392,Alto Malcantone
1344,1344,4508,Monteceneri
1345,1345,3270,Balerna
1346,1346,2194,Castel San Pietro
1347,1347,7759,Chiasso
1348,1348,2903,Coldrerio
1349,1349,14870,Mendrisio
1350,1350,4517,Morbio Inferiore
1351,1351,2346,Novazzano
1352,1352,2654,Riva San Vitale
1353,1353,4510,Stabio
1354,1354,3383,Vacallo
1355,1355,1936,Breggia
1356,1356,6092,Biasca
1357,1357,4209,Riviera
1358,1358,21372,Bülach
1359,1359,49,Bosco/Gurin
1360,1360,51,Campo (Vallemaggia)
1361,1361,45,Cerentino
1362,1362,1146,Cevio
1363,1363,47,Linescio
1364,1364,2609,Maggia
1365,1365,508,Lavizzara
1366,1366,1512,Avegno Gordevio
1367,1367,3249,Bätterkinden
1368,1368,91,Deisswil bei Münchenbuchsee
1369,1369,204,Diemerswil
1370,1370,5180,Fraubrunnen
1371,1371,2625,Terre di Pedemonte
1372,1372,1134,Centovalli
1373,1373,5136,Gambarogno
1374,1374,7847,Dietlikon
1375,1375,5761,Jegenstorf
1376,1376,10197,Aigle
1377,1377,7879,Bex
1378,1378,428,Chessel
1379,1379,434,Corbeyrier
1380,1380,1348,Gryon
1381,1381,929,Lavey-Morcles
1382,1382,3782,Leysin
1383,1383,1170,Noville
1384,1384,7555,Ollon
1385,1385,421,Iffwil
1386,1386,1142,Ormont-Dessous
1387,1387,1433,Ormont-Dessus
1388,1388,872,Rennaz
1389,1389,1827,Roche (VD)
1390,1390,5763,Villeneuve (VD)
1391,1391,1067,Yvorne
1392,1392,1460,Apples
1393,1393,3271,Aubonne
1394,1394,542,Ballens
1395,1395,300,Berolle
1396,1396,1593,Bière
1397,1397,473,Bougy-Villars
1398,1398,860,Féchy
1399,1399,2236,Gimel
1400,1400,481,Longirod
1401,1401,575,Mattstetten
1402,1402,472,Marchissy
1403,1403,307,Mollens (VD)
1404,1404,536,Montherod
1405,1405,1063,Saint-George
1406,1406,688,Saint-Livres
1407,1407,447,Saint-Oyens
1408,1408,422,Saubraz
1409,1409,4130,Moosseedorf
1410,1410,4295,Avenches
1411,1411,1733,Cudrefin
1412,1412,881,Faoug
1413,1413,10355,Münchenbuchsee
1414,1414,3274,Vully-les-Lacs
1415,1415,650,Bettens
1416,1416,420,Bournens
1417,1417,991,Boussens
1418,1418,395,La Chaux (Cossonay)
1419,1419,152,Chavannes-le-Veyron
1420,1420,315,Chevilly
1421,1421,4044,Cossonay
1422,1422,486,Cottens (VD)
1423,1423,486,Cuarnens
1424,1424,1034,Daillens
1425,1425,234,Dizy
1426,1426,1219,Eclépens
1427,1427,318,Ferreyres
1428,1428,939,Gollion
1429,1429,397,Grancy
1430,1430,1009,L'Isle
1431,1431,459,Lussery-Villars
1432,1432,57,Mauraz
1433,1433,718,Mex (VD)
1434,1434,310,Moiry
1435,1435,478,Mont-la-Ville
1436,1436,966,Montricher
1437,1437,416,Orny
1438,1438,1103,Pampigny
1439,1439,3258,Penthalaz
1440,1440,1760,Penthaz
1441,1441,849,Pompaples
1442,1442,2646,La Sarraz
1443,1443,477,Senarclens
1444,1444,5339,Eglisau
1445,1445,227,Sévery
1446,1446,1034,Sullens
1447,1447,1290,Vufflens-la-Ville
1448,1448,6317,Urtenen-Schönbühl
1449,1449,1075,Assens
1450,1450,1281,Bercher
1451,1451,520,Bioley-Orjulaz
1452,1452,1298,Bottens
1453,1453,864,Bretigny-sur-Morrens
1454,1454,2765,Cugy (VD)
1455,1455,5726,Echallens
1456,1456,4376,Utzenstorf
1457,1457,1031,Essertines-sur-Yverdon
1458,1458,1144,Etagnières
1459,1459,751,Fey
1460,1460,2643,Froideville
1461,1461,1129,Morrens (VD)
1462,1462,615,Oulens-sous-Echallens
1463,1463,103,Wiggiswil
1464,1464,562,Pailly
1465,1465,421,Penthéréaz
1466,1466,828,Poliez-Pittet
1467,1467,265,Rueyres
1468,1468,790,Saint-Barthélemy (VD)
1469,1469,1227,Villars-le-Terroir
1470,1470,1054,Vuarrens
1471,1471,985,Wiler bei Utzenstorf
1472,1472,1819,Montilliez
1473,1473,1140,Goumoëns
1474,1474,490,Bonvillars
1475,1475,657,Bullet
1476,1476,1057,Champagne
1477,1477,1024,Concise
1478,1478,402,Corcelles-près-Concise
1479,1479,445,Fiez
1480,1480,215,Fontaines-sur-Grandson
1481,1481,413,Giez
1482,1482,319,Zielebach
1483,1483,221,Grandevent
1484,1484,3341,Grandson
1485,1485,120,Mauborget
1486,1486,152,Mutrux
1487,1487,100,Novalles
1488,1488,496,Onnens (VD)
1489,1489,378,Provence
1490,1490,4891,Sainte-Croix
1491,1491,570,Zuzwil (BE)
1492,1492,897,Tévenon
1493,1493,3774,Belmont-sur-Lausanne
1494,1494,4335,Cheseaux-sur-Lausanne
1495,1495,7965,Crissier
1496,1496,9695,Epalinges
1497,1497,1423,Jouxtens-Mézery
1498,1498,139408,Lausanne
1499,1499,8992,Le Mont-sur-Lausanne
1500,1500,1529,Paudex
1501,1501,12413,Prilly
1502,1502,18458,Pully
1503,1503,20886,Renens (VD)
1504,1504,3289,Romanel-sur-Lausanne
1505,1505,9421,Embrach
1506,1506,2234,Chexbres
1507,1507,2064,Forel (Lavaux)
1508,1508,10348,Lutry
1509,1509,2869,Puidoux
1510,1510,342,Rivaz
1511,1511,3352,Adelboden
1512,1512,380,Saint-Saphorin (Lavaux)
1513,1513,3352,Savigny
1514,1514,5343,Bourg-en-Lavaux
1515,1515,2244,Aeschi bei Spiez
1516,1516,539,Aclens
1517,1517,577,Bremblens
1518,1518,685,Buchillon
1519,1519,8930,Bussigny
1520,1520,384,Bussy-Chardonney
1521,1521,7851,Chavannes-près-Renens
1522,1522,382,Chigny
1523,1523,191,Clarmont
1524,1524,6940,Frutigen
1525,1525,740,Denens
1526,1526,1608,Denges
1527,1527,2733,Echandens
1528,1528,3071,Echichens
1529,1529,13079,Ecublens (VD)
1530,1530,2932,Etoy
1531,1531,986,Lavigny
1532,1532,2669,Lonay
1533,1533,818,Lully (VD)
1534,1534,821,Kandergrund
1535,1535,694,Lussy-sur-Morges
1536,1536,15844,Morges
1537,1537,5239,Préverenges
1538,1538,411,Reverolle
1539,1539,463,Romanel-sur-Morges
1540,1540,5766,Saint-Prex
1541,1541,4704,Saint-Sulpice (VD)
1542,1542,1908,Tolochenaz
1543,1543,1281,Kandersteg
1544,1544,196,Vaux-sur-Morges
1545,1545,970,Villars-Sainte-Croix
1546,1546,603,Villars-sous-Yens
1547,1547,883,Vufflens-le-Château
1548,1548,514,Vullierens
1549,1549,1473,Yens
1550,1550,1131,Krattigen
1551,1551,365,Boulens
1552,1552,218,Bussy-sur-Moudon
1553,1553,210,Chavannes-sur-Moudon
1554,1554,310,Curtilles
1555,1555,3624,Reichenbach im Kandertal
1556,1556,233,Dompierre (VD)
1557,1557,366,Hermenches
1558,1558,136,Lovatens
1559,1559,4199,Lucens
1560,1560,6067,Moudon
1561,1561,295,Ogens
1562,1562,194,Prévonloup
1563,1563,84,Rossenges
1564,1564,155,Syens
1565,1565,122,Villars-le-Comte
1566,1566,577,Vucherens
1567,1567,2719,Montanaire
1568,1568,2389,Freienstein-Teufen
1569,1569,230,Arnex-sur-Nyon
1570,1570,2807,Arzier-Le Muids
1571,1571,1386,Bassins
1572,1572,1931,Begnins
1573,1573,843,Bogis-Bossey
1574,1574,1128,Borex
1575,1575,1366,Chavannes-de-Bogis
1576,1576,966,Chavannes-des-Bois
1577,1577,1238,Chéserex
1578,1578,1196,Beatenberg
1579,1579,493,Coinsins
1580,1580,2930,Commugny
1581,1581,3239,Coppet
1582,1582,2286,Crans-près-Céligny
1583,1583,1174,Crassier
1584,1584,1089,Duillier
1585,1585,1735,Eysins
1586,1586,3776,Founex
1587,1587,1997,Genolier
1588,1588,1237,Gingins
1589,1589,2528,Bönigen
1590,1590,1024,Givrins
1591,1591,13181,Gland
1592,1592,382,Grens
1593,1593,2118,Mies
1594,1594,21452,Nyon
1595,1595,4085,Prangins
1596,1596,1140,La Rippe
1597,1597,2589,Saint-Cergue
1598,1598,594,Signy-Avenex
1599,1599,1594,Tannay
1600,1600,3117,Brienz (BE)
1601,1601,1434,Trélex
1602,1602,1357,Le Vaud
1603,1603,1083,Vich
1604,1604,473,Brienzwiler
1605,1605,242,L'Abergement
1606,1606,355,Agiez
1607,1607,632,Arnex-sur-Orbe
1608,1608,1108,Ballaigues
1609,1609,1042,Baulmes
1610,1610,951,Bavois
1611,1611,194,Bofflens
1612,1612,270,Bretonnières
1613,1613,5130,Chavornay
1614,1614,421,Därligen
1615,1615,185,Les Clées
1616,1616,402,Croy
1617,1617,328,Juriens
1618,1618,436,Lignerolle
1619,1619,505,Montcherand
1620,1620,7018,Orbe
1621,1621,165,La Praz
1622,1622,215,Premier
1623,1623,3810,Grindelwald
1624,1624,504,Rances
1625,1625,533,Romainmôtier-Envy
1626,1626,145,Sergey
1627,1627,619,Valeyres-sous-Rances
1628,1628,3835,Vallorbe
1629,1629,497,Vaulion
1630,1630,578,Vuiteboeuf
1631,1631,402,Gsteigwiler
1632,1632,357,Gündlischwand
1633,1633,457,Corcelles-le-Jorat
1634,1634,380,Essertes
1635,1635,648,Habkern
1636,1636,538,Maracon
1637,1637,657,Montpreveyres
1638,1638,488,Ropraz
1639,1639,1996,Servion
1640,1640,5217,Glattfelden
1641,1641,527,Hofstetten bei Brienz
1642,1642,614,Vulliens
1643,1643,1591,Jorat-Menthue
1644,1644,5661,Oron
1645,1645,2951,Jorat-Mézières
1646,1646,5634,Interlaken
1647,1647,130,Champtauroz
1648,1648,493,Chevroux
1649,1649,2564,Corcelles-près-Payerne
1650,1650,952,Grandcour
1651,1651,373,Henniez
1652,1652,430,Iseltwald
1653,1653,360,Missy
1654,1654,10040,Payerne
1655,1655,285,Trey
1656,1656,111,Treytorrens (Payerne)
1657,1657,451,Villarzel
1658,1658,3295,Valbroye
1659,1659,2279,Lauterbrunnen
1660,1660,3456,Château-d'Oex
1661,1661,543,Rossinière
1662,1662,858,Rougemont
1663,1663,1148,Leissigen
1664,1664,451,Allaman
1665,1665,473,Bursinel
1666,1666,783,Bursins
1667,1667,387,Burtigny
1668,1668,639,Dully
1669,1669,725,Essertines-sur-Rolle
1670,1670,1369,Gilly
1671,1671,622,Luins
1672,1672,2686,Mont-sur-Rolle
1673,1673,226,Lütschental
1674,1674,1496,Perroy
1675,1675,6249,Rolle
1676,1676,230,Tartegnin
1677,1677,355,Vinzel
1678,1678,4115,Matten bei Interlaken
1679,1679,1478,L'Abbaye
1680,1680,4642,Le Chenit
1681,1681,900,Le Lieu
1682,1682,365,Niederried bei Interlaken
1683,1683,6150,Blonay
1684,1684,3026,Chardonne
1685,1685,2285,Corseaux
1686,1686,3362,Corsier-sur-Vevey
1687,1687,1543,Jongny
1688,1688,25984,Montreux
1689,1689,5247,Saint-Légier-La Chiésaz
1690,1690,11884,La Tour-de-Peilz
1691,1691,443,Oberried am Brienzersee
1692,1692,19824,Vevey
1693,1693,920,Veytaux
1694,1694,1982,Hochfelden
1695,1695,2574,Ringgenberg (BE)
1696,1696,374,Belmont-sur-Yverdon
1697,1697,229,Bioley-Magnoux
1698,1698,539,Chamblon
1699,1699,691,Champvent
1700,1700,311,Chavannes-le-Chêne
1701,1701,152,Chêne-Pâquier
1702,1702,725,Cheseaux-Noréaz
1703,1703,93,Saxeten
1704,1704,394,Cronay
1705,1705,239,Cuarny
1706,1706,157,Démoret
1707,1707,824,Donneloye
1708,1708,356,Ependes (VD)
1709,1709,601,Mathod
1710,1710,630,Schwanden bei Brienz
1711,1711,239,Molondin
1712,1712,747,Montagny-près-Yverdon
1713,1713,203,Oppens
1714,1714,332,Orges
1715,1715,208,Orzens
1716,1716,793,Pomy
1717,1717,185,Rovray
1718,1718,645,Suchy
1719,1719,5852,Unterseen
1720,1720,215,Suscévaz
1721,1721,491,Treycovagnes
1722,1722,225,Ursins
1723,1723,709,Valeyres-sous-Montagny
1724,1724,227,Valeyres-sous-Ursins
1725,1725,101,Villars-Epeney
1726,1726,135,Vugelles-La Mothe
1727,1727,30156,Yverdon-les-Bains
1728,1728,3432,Yvonand
1729,1729,2669,Wilderswil
1730,1730,1221,Kappel am Albis
1731,1731,2872,Höri
1732,1732,13079,Brig-Glis
1733,1733,338,Eggerberg
1734,1734,10175,Naters
1735,1735,2111,Ried-Brig
1736,1736,300,Simplon
1737,1737,971,Termen
1738,1738,74,Zwischbergen
1739,1739,930,Arni (BE)
1740,1740,3293,Ardon
1741,1741,3915,Chamoson
1742,1742,8837,Conthey
1743,1743,6737,Nendaz
1744,1744,6398,Vétroz
1745,1745,1815,Biglen
1746,1746,8144,Bagnes
1747,1747,200,Bourg-Saint-Pierre
1748,1748,711,Liddes
1749,1749,3172,Orsières
1750,1750,1031,Sembrancher
1751,1751,2041,Vollèges
1752,1752,1364,Bowil
1753,1753,375,Bellwald
1754,1754,134,Binn
1755,1755,492,Ernen
1756,1756,891,Fiesch
1757,1757,320,Fieschertal
1758,1758,492,Brenzikofen
1759,1759,315,Lax
1760,1760,454,Freimettigen
1761,1761,656,Obergoms
1762,1762,1184,Goms
1763,1763,4151,Grosshöchstetten
1764,1764,4094,Ayent
1765,1765,1669,Evolène
1766,1766,1421,Hérémence
1767,1767,838,Saint-Martin (VS)
1768,1768,1805,Vex
1769,1769,256,Häutligen
1770,1770,1110,Mont-Noble
1771,1771,1057,Hüntwangen
1772,1772,599,Herbligen
1773,1773,723,Agarn
1774,1774,240,Albinen
1775,1775,179,Ergisch
1776,1776,108,Inden
1777,1777,1012,Kiesen
1778,1778,3932,Leuk
1779,1779,1319,Leukerbad
1780,1780,125,Oberems
1781,1781,1540,Salgesch
1782,1782,658,Varen
1783,1783,408,Guttet-Feschel
1784,1784,1956,Gampel-Bratsch
1785,1785,1100,Turtmann-Unterems
1786,1786,5347,Konolfingen
1787,1787,607,Landiswil
1788,1788,915,Bovernier
1789,1789,1913,Charrat
1790,1790,8731,Fully
1791,1791,832,Isérables
1792,1792,3222,Leytron
1793,1793,18297,Martigny
1794,1794,2292,Martigny-Combe
1795,1795,3159,Riddes
1796,1796,1300,Linden
1797,1797,2687,Saillon
1798,1798,6086,Saxon
1799,1799,165,Trient
1800,1800,626,Mirchel
1801,1801,1338,Champéry
1802,1802,9467,Collombey-Muraz
1803,1803,17894,Monthey
1804,1804,4201,Port-Valais
1805,1805,967,Saint-Gingolph
1806,1806,4748,Troistorrents
1807,1807,2025,Val-d'Illiez
1808,1808,2732,Vionnaz
1809,1809,4257,Vouvry
1810,1810,12935,Münsingen
1811,1811,656,Niederhünigen
1812,1812,33,Bister
1813,1813,1002,Bitsch
1814,1814,425,Grengiols
1815,1815,441,Riederalp
1816,1816,3533,Oberdiessbach
1817,1817,633,Ausserberg
1818,1818,292,Blatten
1819,1819,744,Bürchen
1820,1820,446,Eischoll
1821,1821,250,Ferden
1822,1822,318,Kippel
1823,1823,731,Niedergesteln
1824,1824,1945,Raron
1825,1825,20130,Kloten
1826,1826,723,Oberthal
1827,1827,437,Unterbäch
1828,1828,555,Wiler (Lötschen)
1829,1829,695,Mörel-Filet
1830,1830,1603,Steg-Hohtenn
1831,1831,450,Bettmeralp
1832,1832,826,Collonges
1833,1833,1007,Dorénaz
1834,1834,1305,Evionnaz
1835,1835,372,Finhaut
1836,1836,1818,Massongex
1837,1837,4556,Saint-Maurice
1838,1838,1416,Salvan
1839,1839,1874,Vernayaz
1840,1840,641,Oppligen
1841,1841,774,Vérossaz
1842,1842,2877,Rubigen
1843,1843,3542,Chalais
1844,1844,1588,Chippis
1845,1845,2447,Grône
1846,1846,593,Icogne
1847,1847,4226,Lens
1848,1848,1376,Miège
1849,1849,2428,Saint-Léonard
1850,1850,16842,Sierre
1851,1851,1297,Venthône
1852,1852,1839,Veyras
1853,1853,2717,Anniviers
1854,1854,10365,Crans-Montana
1855,1855,1768,Walkringen
1856,1856,1302,Arbaz
1857,1857,3509,Grimisuat
1858,1858,7814,Savièse
1859,1859,34710,Sion
1860,1860,590,Veysonnaz
1861,1861,11479,Worb
1862,1862,1579,Zäziwil
1863,1863,1331,Baltschieder
1864,1864,194,Eisten
1865,1865,280,Embd
1866,1866,1233,Grächen
1867,1867,638,Lalden
1868,1868,435,Randa
1869,1869,363,Saas-Almagell
1870,1870,335,Saas-Balen
1871,1871,313,Oberhünigen
1872,1872,1544,Saas-Fee
1873,1873,986,Saas-Grund
1874,1874,2235,St. Niklaus
1875,1875,1062,Stalden (VS)
1876,1876,537,Staldenried
1877,1877,1314,Täsch
1878,1878,488,Törbel
1879,1879,7978,Visp
1880,1880,1337,Visperterminen
1881,1881,290,Zeneggen
1882,1882,2417,Lufingen
1883,1883,591,Allmendingen
1884,1884,5765,Zermatt
1885,1885,4354,Wichtrach
1886,1886,5602,Nürensdorf
1887,1887,6237,Boudry
1888,1888,4794,Corcelles-Cormondrèche
1889,1889,4746,Cortaillod
1890,1890,5794,Peseux
1891,1891,1243,Rochefort
1892,1892,8995,Milvignes
1893,1893,8795,La Grande-Béroche
1894,1894,37494,La Chaux-de-Fonds
1895,1895,212,Les Planchettes
1896,1896,1037,La Sagne
1897,1897,1031,Les Brenets
1898,1898,622,La Brévine
1899,1899,284,Brot-Plamboz
1900,1900,312,Le Cerneux-Péquignot
1901,1901,496,La Chaux-du-Milieu
1902,1902,10101,Le Locle
1903,1903,1222,Les Ponts-de-Martel
1904,1904,1558,Cornaux
1905,1905,1898,Cressier (NE)
1906,1906,266,Enges
1907,1907,2652,Hauterive (NE)
1908,1908,4607,Le Landeron
1909,1909,980,Lignières
1910,1910,33493,Neuchâtel
1911,1911,3264,Saint-Blaise
1912,1912,5083,La Tène
1913,1913,507,Valangin
1914,1914,17017,Val-de-Ruz
1915,1915,1121,Oberembrach
1916,1916,445,La Côte-aux-Fées
1917,1917,644,Les Verrières
1918,1918,10667,Val-de-Travers
1919,1919,21014,Opfikon
1920,1920,1169,Aire-la-Ville
1921,1921,2387,Anières
1922,1922,1712,Avully
1923,1923,1401,Avusy
1924,1924,2277,Bardonnex
1925,1925,3380,Bellevue
1926,1926,10244,Bernex
1927,1927,22621,Carouge (GE)
1928,1928,986,Cartigny
1929,1929,48,Clavaleyres
1930,1930,791,Céligny
1931,1931,1698,Chancy
1932,1932,12504,Chêne-Bougeries
1933,1933,8674,Chêne-Bourg
1934,1934,1188,Choulex
1935,1935,1709,Collex-Bossy
1936,1936,8299,Collonge-Bellerive
1937,1937,5598,Cologny
1938,1938,4631,Confignon
1939,1939,2186,Corsier (GE)
1940,1940,1236,Ferenbalm
1941,1941,1867,Dardagny
1942,1942,203951,Genève
1943,1943,2840,Genthod
1944,1944,12275,Le Grand-Saconnex
1945,1945,483,Gy
1946,1946,1047,Hermance
1947,1947,1241,Jussy
1948,1948,684,Laconnex
1949,1949,33377,Lancy
1950,1950,2116,Meinier
1951,1951,1228,Frauenkappelen
1952,1952,25745,Meyrin
1953,1953,19058,Onex
1954,1954,3099,Perly-Certoux
1955,1955,10620,Plan-les-Ouates
1956,1956,3775,Pregny-Chambésy
1957,1957,723,Presinge
1958,1958,2468,Puplinge
1959,1959,541,Russin
1960,1960,4273,Satigny
1961,1961,955,Soral
1962,1962,14182,Thônex
1963,1963,2520,Troinex
1964,1964,2577,Vandoeuvres
1965,1965,34958,Vernier
1966,1966,13411,Versoix
1967,1967,11887,Veyrier
1968,1968,264,Gurbrü
1969,1969,442,Kriechenwil
1970,1970,3168,Laupen
1971,1971,3013,Mühleberg
1972,1972,538,Münchenwiler
1973,1973,4661,Rafz
1974,1974,5606,Neuenegg
1975,1975,925,Boécourt
1976,1976,261,Bourrignon
1977,1977,483,Châtillon (JU)
1978,1978,437,Courchapoix
1979,1979,3552,Courrendlin
1980,1980,3298,Courroux
1981,1981,372,Wileroltigen
1982,1982,2653,Courtételle
1983,1983,12566,Delémont
1984,1984,1381,Develier
1985,1985,119,Ederswiler
1986,1986,523,Mervelier
1987,1987,105,Mettembert
1988,1988,434,Movelier
1989,1989,352,Pleigne
1990,1990,674,Rossemaison
1991,1991,269,Saulcy
1992,1992,431,Soyhières
1993,1993,7071,Haute-Sorne
1994,1994,3205,Val Terbi
1995,1995,322,Le Bémont (JU)
1996,1996,1232,Les Bois
1997,1997,1533,Les Breuleux
1998,1998,99,La Chaux-des-Breuleux
1999,1999,149,Les Enfers
2000,2000,504,Les Genevez (JU)
2001,2001,672,Lajoux (JU)
2002,2002,583,Montfaucon
2003,2003,494,Muriaux
2004,2004,1883,Le Noirmont
2005,2005,2632,Saignelégier
2006,2006,221,Saint-Brais
2007,2007,123,Soubey
2008,2008,1902,Alle
2009,2009,117,Beurnevésin
2010,2010,1217,Boncourt
2011,2011,652,Bonfol
2012,2012,648,Bure
2013,2013,721,Coeuve
2014,2014,1043,Cornol
2015,2015,303,Courchavon
2016,2016,2379,Courgenay
2017,2017,772,Courtedoux
2018,2018,179,Damphreux
2019,2019,349,Fahy
2020,2020,1696,Fontenais
2021,2021,388,Grandfontaine
2022,2022,182,Lugnez
2023,2023,2885,Rorbas
2024,2024,6563,Porrentruy
2025,2025,559,Vendlincourt
2026,2026,1238,Basse-Allaine
2027,2027,1263,Clos du Doubs
2028,2028,1085,Haute-Ajoie
2029,2029,291,Belprahon
2030,2030,1142,La Baroche
2031,2031,164,Champoz
2032,2032,201,Corcelles (BE)
2033,2033,16841,Wallisellen
2034,2034,1415,Court
2035,2035,499,Crémines
2036,2036,367,Eschert
2037,2037,396,Grandval
2038,2038,344,Loveresse
2039,2039,2378,Knonau
2040,2040,563,Wasterkingen
2041,2041,7385,Moutier
2042,2042,467,Perrefitte
2043,2043,2344,Reconvilier
2044,2044,201,Roches (BE)
2045,2045,644,Saicourt
2046,2046,152,Saules (BE)
2047,2047,35,Schelten
2048,2048,60,Seehof
2049,2049,1474,Wil (ZH)
2050,2050,288,Sorvilier
2051,2051,3570,Tavannes
2052,2052,42,Rebévelier
2053,2053,399,Petit-Val
2054,2054,4012,Valbirse
2055,2055,4535,Winkel
2056,2056,3756,La Neuveville
2057,2057,769,Nods
2058,2058,2028,Plateau de Diesse
2059,2059,2180,Aegerten
2060,2060,1682,Bellmund
2061,2061,4370,Brügg
2062,2062,476,Bühl
2063,2063,331,Epsach
2064,2064,412,Hagneck
2065,2065,313,Hermrigen
2066,2066,649,Jens
2067,2067,3968,Ipsach
2068,2068,547,Ligerz
2069,2069,391,Merzligen
2070,2070,856,Mörigen
2071,2071,6872,Nidau
2072,2072,2873,Orpund
2073,2073,3727,Port
2074,2074,1935,Safnern
2075,2075,437,Scheuren
2076,2076,670,Schwadernau
2077,2077,3318,Studen (BE)
2078,2078,1391,Sutz-Lattrigen
2079,2079,2890,Täuffelen
2080,2080,1032,Walperswil
2081,2081,2411,Worben
2082,2082,1163,Twann-Tüscherz
2083,2083,855,Därstetten
2084,2084,2259,Diemtigen
2085,2085,1733,Erlenbach im Simmental
2086,2086,789,Oberwil im Simmental
2087,2087,1000,Reutigen
2088,2088,12870,Spiez
2089,2089,2559,Wimmis
2090,2090,1012,Stocken-Höfen
2091,2091,254,Guttannen
2092,2092,1151,Hasliberg
2093,2093,1069,Innertkirchen
2094,2094,4639,Meiringen
2095,2095,550,Schattenhalb
2096,2096,1252,Boltigen
2097,2097,2324,Lenk
2098,2098,1330,St. Stephan
2099,2099,3040,Zweisimmen
2100,2100,645,Maschwanden
2101,2101,592,Bachs
2102,2102,1432,Boppelsen
2103,2103,6565,Buchs (ZH)
2104,2104,4177,Dällikon
2105,2105,970,Gsteig
2106,2106,823,Lauenen
2107,2107,6817,Saanen
2108,2108,1861,Dänikon
2109,2109,1523,Guggisberg
2110,2110,1676,Rüschegg
2111,2111,6744,Schwarzenburg
2112,2112,5966,Dielsdorf
2113,2113,11572,Belp
2114,2114,1113,Burgistein
2115,2115,1231,Gerzensee
2116,2116,859,Gurzelen
2117,2117,298,Jaberg
2118,2118,1112,Kaufdorf
2119,2119,952,Hüttikon
2120,2120,4331,Kehrsatz
2121,2121,1829,Kirchdorf (BE)
2122,2122,305,Kirchenthurnen
2123,2123,242,Lohnstorf
2124,2124,1426,Mühlethurnen
2125,2125,501,Niedermuhlern
2126,2126,2565,Riggisberg
2127,2127,3175,Neerach
2128,2128,1761,Rüeggisberg
2129,2129,437,Rümligen
2130,2130,2161,Seftigen
2131,2131,2526,Toffen
2132,2132,2129,Uttigen
2133,2133,3018,Wattenwil
2134,2134,1174,Wald (BE)
2135,2135,4993,Niederglatt
2136,2136,5200,Mettmenstetten
2137,2137,9345,Niederhasli
2138,2138,2473,Eggiwil
2139,2139,9320,Langnau im Emmental
2140,2140,2664,Lauperswil
2141,2141,1169,Röthenbach im Emmental
2142,2142,2392,Rüderswil
2143,2143,905,Schangnau
2144,2144,2624,Signau
2145,2145,1324,Trub
2146,2146,1463,Trubschachen
2147,2147,3073,Niederweningen
2148,2148,7228,Oberglatt
2149,2149,795,Amsoldingen
2150,2150,1248,Blumenstein
2151,2151,1523,Buchholterberg
2152,2152,491,Eriz
2153,2153,819,Fahrni
2154,2154,707,Heiligenschwendi
2155,2155,6927,Heimberg
2156,2156,4057,Hilterfingen
2157,2157,1790,Oberweningen
2158,2158,502,Homberg
2159,2159,229,Horrenbach-Buchen
2160,2160,2425,Oberhofen am Thunersee
2161,2161,464,Oberlangenegg
2162,2162,247,Pohlern
2163,2163,237,Schwendibach
2164,2164,4829,Sigriswil
2165,2165,15692,Steffisburg
2166,2166,2982,Otelfingen
2167,2167,166,Teuffenthal (BE)
2168,2168,2471,Thierachern
2169,2169,43632,Thun
2170,2170,685,Uebeschi
2171,2171,5843,Uetendorf
2172,2172,1008,Unterlangenegg
2173,2173,233,Wachseldorn
2174,2174,329,Zwieselberg
2175,2175,777,Forst-Längenbühl
2176,2176,469,Regensberg
2177,2177,1106,Affoltern im Emmental
2178,2178,1046,Dürrenroth
2179,2179,1374,Eriswil
2180,2180,5004,Huttwil
2181,2181,4197,Lützelflüh
2182,2182,3224,Rüegsau
2183,2183,5026,Sumiswald
2184,2184,962,Trachselwald
2185,2185,541,Walterswil (BE)
2186,2186,18540,Regensdorf
2187,2187,1108,Wyssachen
2188,2188,8233,Rümlang
2189,2189,1513,Attiswil
2190,2190,41,Berken
2191,2191,644,Bettenhausen
2192,2192,215,Farnern
2193,2193,342,Graben
2194,2194,1140,Heimenhausen
2195,2195,7255,Herzogenbuchsee
2196,2196,758,Schleinikon
2197,2197,610,Inkwil
2198,2198,4805,Niederbipp
2199,2199,1681,Niederönz
2200,2200,1750,Oberbipp
2201,2201,570,Ochlenberg
2202,2202,482,Rumisberg
2203,2203,1529,Seeberg
2204,2204,1158,Thörigen
2205,2205,1377,Schöfflisdorf
2206,2206,217,Walliswil bei Niederbipp
2207,2207,606,Walliswil bei Wangen
2208,2208,2321,Wangen an der Aare
2209,2209,405,Wangenried
2210,2210,2378,Wiedlisbach
2211,2211,187,Wolfisberg
